{"settings":{"opExample":[],"licence":"none","isPublic":false},"ops":[{"opId":"b0472a1d-db16-4ba6-8787-f300fbdc77bb","objName":"Ops.Gl.MainLoop","id":"b39bdbc4-cc45-41b6-878e-cbb77594a704","uiAttribs":{"translate":{"x":72,"y":-280},"subPatch":0,"notWorkingMsg":null,"selected":false,"fromNetwork":true,"history":{"lastInteractionAt":1645175791491,"lastInteractionBy":{"name":"lukas303"}}},"portsIn":[{"name":"FPS Limit","value":0},{"name":"Reduce FPS not focussed","value":false},{"name":"Reduce FPS loading","value":false},{"name":"Clear","value":false},{"name":"ClearAlpha","value":false},{"name":"Fullscreen Button","value":false},{"name":"Active","value":true},{"name":"Hires Displays","value":false}],"portsOut":[{"name":"trigger","links":[{"portIn":"render","portOut":"trigger","objIn":"fd9f3631-c9aa-4f6c-8b05-fe5d54a39765","objOut":"b39bdbc4-cc45-41b6-878e-cbb77594a704"}]},{"name":"width","value":582},{"name":"height","value":381}]},{"opId":"eaf4f7ce-08a3-4d1b-b9f4-ebc0b7b1cde1","objName":"Ops.Gl.Matrix.OrbitControls","id":"fd9f3631-c9aa-4f6c-8b05-fe5d54a39765","uiAttribs":{"translate":{"x":72,"y":-220},"subPatch":0,"notWorkingMsg":null,"selected":true,"fromNetwork":true,"history":{"lastInteractionAt":1652868810777,"lastInteractionBy":{"name":"lukas303"}}},"portsIn":[{"name":"render"},{"name":"min distance","value":1},{"name":"max distance","value":1},{"name":"min rot y","value":0},{"name":"max rot y","value":0},{"name":"initial radius","value":0},{"name":"initial axis y","value":0.519},{"name":"initial axis x","value":0.343},{"name":"mul","value":1},{"name":"Smoothness","value":1},{"name":"Speed X","value":1.2},{"name":"Speed Y","value":1.2},{"name":"Active","value":true},{"name":"Allow Panning","value":false},{"name":"Allow Zooming","value":false},{"name":"Allow Rotation","value":true},{"name":"restricted","value":true},{"name":"Reset","value":0}],"portsOut":[{"name":"trigger","links":[{"portIn":"render","portOut":"trigger","objIn":"6ff9a33b-ff29-4055-9c08-9ce2495e4131","objOut":"fd9f3631-c9aa-4f6c-8b05-fe5d54a39765"}]},{"name":"radius","value":1},{"name":"Rot X","value":123.48},{"name":"Rot Y","value":93.42}]},{"opId":"650baeb1-db2d-4781-9af6-ab4e9d4277be","objName":"Ops.Gl.Matrix.Transform","id":"6ff9a33b-ff29-4055-9c08-9ce2495e4131","uiAttribs":{"translate":{"x":72,"y":-160},"subPatch":0,"notWorkingMsg":null,"comment":null,"selected":false,"fromNetwork":true,"history":{"lastInteractionAt":1652868799540,"lastInteractionBy":{"name":"lukas303"}}},"portsIn":[{"name":"render"},{"name":"posX","value":0},{"name":"posY","value":0},{"name":"posZ","value":0},{"name":"scale","value":1},{"name":"rotX","value":0},{"name":"rotY","value":0},{"name":"rotZ"}],"portsOut":[{"name":"trigger","links":[{"portIn":"Trigger In","portOut":"trigger","objIn":"75979c91-83f0-4cbc-a4d8-f4a634fb9d89","objOut":"6ff9a33b-ff29-4055-9c08-9ce2495e4131"}]}]},{"opId":"aac7f721-208f-411a-adb3-79adae2e471a","objName":"Ops.Anim.Timer_v2","id":"545ee83f-eb1a-4af8-a6f4-e022484fe471","uiAttribs":{"translate":{"x":228,"y":-180},"subPatch":0,"selected":false,"notWorkingMsg":null,"history":{"lastInteractionAt":1652702679840,"lastInteractionBy":{"name":"lukas303"}},"fromNetwork":true},"portsIn":[{"name":"Speed","value":-4.27},{"name":"Play","value":true},{"name":"Reset","value":0},{"name":"Sync to timeline","value":false}],"portsOut":[{"name":"Time","links":[{"portIn":"rotZ","portOut":"Time","objIn":"6ff9a33b-ff29-4055-9c08-9ce2495e4131","objOut":"545ee83f-eb1a-4af8-a6f4-e022484fe471"}]}]},{"opId":"a9c59d94-8aea-4c20-ab5d-63ce46ecfa16","objName":"Ops.Gl.GLTF.GltfScene_v3","id":"ce6a29e7-cdd3-4fd6-9042-15560c8d0513","uiAttribs":{"translate":{"x":72,"y":-60},"history":{"createdAt":1645183837843,"createdBy":{"name":"lukas303"},"lastInteractionAt":1652861856186,"lastInteractionBy":{"name":"lukas303"}},"fromNetwork":true,"subPatch":0,"selected":false,"extendTitle":"220218_Web_Modell","accBuffersDelete":"220218_Web_Modell"},"portsIn":[{"name":"data","value":""},{"name":"Render"},{"name":"glb File","value":"assets/220218_Web_Modell.glb","display":"file"},{"name":"Draw","value":true},{"name":"Camera index","value":0},{"name":"Camera","value":"None"},{"name":"Animation","value":""},{"name":"Show Structure","value":null},{"name":"Center index","value":1},{"name":"Center","value":"XYZ"},{"name":"Rescale","value":true},{"name":"Rescale Size","value":2.79},{"name":"Time","value":0},{"name":"Sync to timeline","value":false},{"name":"Loop","value":true},{"name":"Normals Format index","value":0},{"name":"Normals Format","value":"XYZ"},{"name":"Vertices Format index","value":0},{"name":"Vertices Format","value":"XYZ"},{"name":"Calc Normals","value":false},{"name":"Materials","value":0},{"name":"Hide Nodes","value":0},{"name":"Use Material Properties","value":false},{"name":"Active","value":true}],"portsOut":[{"name":"Render Before","value":0},{"name":"Next","value":0},{"name":"Generator","value":"FBX2glTF v0.9.7"},{"name":"GLTF Version","value":2},{"name":"GLTF Extensions Used"},{"name":"Anim Length","value":0},{"name":"Anim Time","value":0},{"name":"Json"},{"name":"Anims"},{"name":"BoundingPoints"},{"name":"Bounds"},{"name":"Finished","value":0},{"name":"Loading","value":false}]},{"opId":"0d83ed06-cdbe-4fe0-87bb-0ccece7fb6e1","objName":"Ops.Gl.Phong.PhongMaterial_v6","id":"75979c91-83f0-4cbc-a4d8-f4a634fb9d89","uiAttribs":{"history":{"createdAt":1645447007356,"createdBy":{"name":"lukas303"},"lastInteractionAt":1652861791564,"lastInteractionBy":{"name":"lukas303"}},"fromNetwork":true,"subPatch":0,"translate":{"x":72,"y":-100},"selected":false},"portsIn":[{"name":"Trigger In"},{"name":"R","value":1},{"name":"G","value":1},{"name":"B","value":1},{"name":"A","value":1},{"name":"Enable","value":true},{"name":"Albedo","value":0.817},{"name":"Roughness","value":0.639},{"name":"Active","value":true},{"name":"Fresnel Intensity","value":1},{"name":"Fresnel Width","value":1},{"name":"Fresnel Exponent","value":4.74},{"name":"Fresnel R","value":1},{"name":"Fresnel G","value":1},{"name":"Fresnel B","value":1},{"name":"Emissive Active","value":false},{"name":"Color Intensity","value":0.3},{"name":"Emissive R","value":1},{"name":"Emissive G","value":1},{"name":"Emissive B","value":1},{"name":"Shininess","value":10},{"name":"Specular Amount","value":0.713},{"name":"Specular Model index","value":0},{"name":"Specular Model","value":"Phong"},{"name":"Energy Conservation","value":false},{"name":"Double Sided Material","value":false},{"name":"Falloff Mode index","value":0},{"name":"Falloff Mode","value":"A"},{"name":"Diffuse Texture","value":0},{"name":"Specular Texture","value":0},{"name":"Normal Map","value":0},{"name":"AO Texture","value":0},{"name":"Emissive Texture","value":0},{"name":"Emissive Mask","value":0},{"name":"Opacity Texture","value":null},{"name":"Environment Map","value":0},{"name":"Env Map Mask","value":0},{"name":"Colorize Texture","value":false},{"name":"Diffuse Repeat X","value":1},{"name":"Diffuse Repeat Y","value":1},{"name":"Texture Offset X","value":0},{"name":"Texture Offset Y","value":0},{"name":"Specular Intensity","value":1},{"name":"Normal Map Intensity","value":0.5},{"name":"AO Intensity","value":1},{"name":"Emissive Intensity","value":1},{"name":"Emissive Mask Intensity","value":1},{"name":"Env Map Intensity","value":1},{"name":"Env Mask Intensity","value":1},{"name":"Alpha Mask Source index","value":0},{"name":"Alpha Mask Source","value":"Luminance"},{"name":"Discard Transparent Pixels","value":false}],"portsOut":[{"name":"Trigger Out","links":[{"portIn":"Render","portOut":"Trigger Out","objIn":"ce6a29e7-cdd3-4fd6-9042-15560c8d0513","objOut":"75979c91-83f0-4cbc-a4d8-f4a634fb9d89"}]},{"name":"Shader"}]},{"opId":"19b441eb-9f63-4f35-ba08-b87841517c4d","objName":"Ops.Gl.ClearColor","id":"cfeb31c8-0094-436f-af9a-a3f7babeca63","uiAttribs":{"subPatch":0,"translate":{"x":-156,"y":-260},"notWorkingMsg":null,"selected":false,"fromNetwork":true},"portsIn":[{"name":"render","value":null},{"name":"r","value":1},{"name":"g","value":1},{"name":"b","value":1},{"name":"a","value":1}],"portsOut":[{"name":"trigger","links":[{"portIn":"render","portOut":"trigger","objIn":"1df910c6-e09d-4f9f-a960-502553938a4a","objOut":"cfeb31c8-0094-436f-af9a-a3f7babeca63"}]}]},{"opId":"ec55d252-3843-41b1-b731-0482dbd9e72b","objName":"Ops.Gl.Shader.BasicMaterial_v3","id":"1df910c6-e09d-4f9f-a960-502553938a4a","uiAttribs":{"translate":{"x":-156,"y":-220},"subPatch":0,"selected":false,"notWorkingMsg":null,"fromNetwork":true},"portsIn":[{"name":"render"},{"name":"r","value":0},{"name":"g","value":0},{"name":"b","value":0},{"name":"a","value":1},{"name":"texture","value":0},{"name":"colorizeTexture","value":false},{"name":"Vertex Colors","value":false},{"name":"textureOpacity","value":0},{"name":"Alpha Mask Source index","value":0},{"name":"Alpha Mask Source","value":"Luminance"},{"name":"Opacity TexCoords Transform","value":false},{"name":"Discard Transparent Pixels","value":false},{"name":"diffuseRepeatX","value":1},{"name":"diffuseRepeatY","value":1},{"name":"Tex Offset X","value":0},{"name":"Tex Offset Y","value":0},{"name":"Crop TexCoords","value":false},{"name":"billboard","value":false}],"portsOut":[{"name":"trigger","value":0},{"name":"shader"}]}],"users":[],"userOps":[],"tags":[],"_id":"620f5a8efb95411186a650e3","name":"Load 3D mesh","cloneOf":"5d19e0c80ac4c04a32192e56","userId":"603e256451d65f10be573a50","created":"2022-02-18T08:36:30.423Z","updated":"2022-05-18T10:13:41.515Z","updatedByUser":"lukas303","log":[],"__v":25,"buildInfo":{"host":"cables.gl"},"opsHash":"9e6196a9bbd8edf6587cbbe7a8ae99178d05df76","ui":{"timeLineLength":20,"bookmarks":[],"viewBoxesGl":{"0":{"x":262.3147605852008,"y":-207.91416470170455,"z":433.520633426041}},"renderer":{"w":582,"h":381,"s":1}},"cachedUsername":"lukas303","views":1,"statsAdmin":{"filenameScreenshots":["_screenshots/screenshot.png","_screenshots/screenshot_1645173581184.png","_screenshots/screenshot_1645175970304.png","_screenshots/screenshot_1645183554921.png","_screenshots/screenshot_1645185478424.png","_screenshots/screenshot_1645198966497.png","_screenshots/screenshot_1645209247532.png","_screenshots/screenshot_1645209541418.png","_screenshots/screenshot_1645210050757.png","_screenshots/screenshot_1645210229664.png","_screenshots/screenshot_1645447181972.png","_screenshots/screenshot_1652695792023.png","_screenshots/screenshot_1652696093198.png","_screenshots/screenshot_1652696326183.png","_screenshots/screenshot_1652700740446.png","_screenshots/screenshot_1652700747533.png","_screenshots/screenshot_1652701436486.png","_screenshots/screenshot_1652701750930.png","_screenshots/screenshot_1652702768898.png","_screenshots/screenshot_1652860527143.png","_screenshots/screenshot_1652861362342.png","_screenshots/screenshot_1652861816182.png","_screenshots/screenshot_1652861863328.png","_screenshots/screenshot_1652861890124.png","_screenshots/screenshot_converted.jpg","_screenshots/screenshot_converted.webp"],"filenameExports":["_exports/cables_Load_3D_mesh11.zip","_exports/cables_Load_3D_mesh12.zip","_exports/cables_Load_3D_mesh13.zip","_exports/cables_Load_3D_mesh14.zip","_exports/cables_Load_3D_mesh15.zip","_exports/cables_Load_3D_mesh16.zip","_exports/cables_Load_3D_mesh17.zip","_exports/cables_Load_3D_mesh18.zip","_exports/cables_Load_3D_mesh19.zip","_exports/cables_Load_3D_mesh20.zip","_exports/cables_Load_3D_mesh21.zip","_exports/cables_Load_3D_mesh22.zip"],"filenameAssets":["220218_Web_Modell.glb","220218_Web_Modell_v1.fbx"],"hasOldScreenshots":false,"hasOldExports":false,"sizeScreenshots":2045.64453125,"sizeExports":16475.349609375,"sizeAssets":5160.10546875},"deployments":{"lastDeployment":{"date":1652869090778,"service":"download"}},"exports":25,"description":"","shortId":"rRr_bY"}